tweet_id,cleaned_text,user_id
1,A teacher teaches the moon.,user_1
2,The artist paints a new app.,user_2
3,An astronaut paints over the fence.,user_3
4,An astronaut explores a bridge.,user_4
5,The cat teaches over the fence.,user_5
6,A teacher explores a bridge.,user_6
7,An astronaut paints a masterpiece.,user_7
8,The engineer codes a bridge.,user_8
9,An astronaut jumps a new app.,user_9
10,A developer teaches the moon.,user_10
11,The artist paints a bridge.,user_11
12,The engineer explores a masterpiece.,user_12
13,The engineer jumps the moon.,user_13
14,The artist jumps a new app.,user_14
15,An astronaut builds over the fence.,user_15
16,The artist builds a bridge.,user_16
17,The artist paints the moon.,user_17
18,The engineer builds over the fence.,user_18
19,The cat codes a new app.,user_19
20,A developer paints a bridge.,user_20
21,An astronaut explores a masterpiece.,user_21
22,The artist jumps the moon.,user_22
23,An astronaut teaches a bridge.,user_23
24,A teacher builds the moon.,user_24
25,The cat builds a bridge.,user_25
26,The artist codes a new app.,user_26
27,The engineer teaches the moon.,user_27
28,A teacher paints a masterpiece.,user_28
29,The cat explores over the fence.,user_29
30,The artist paints a new app.,user_30
31,The artist paints students.,user_31
32,The artist teaches students.,user_32
33,An astronaut paints a new app.,user_33
34,The artist teaches a masterpiece.,user_34
35,A teacher paints a bridge.,user_35
36,The engineer jumps over the fence.,user_36
37,A developer builds a masterpiece.,user_37
38,A developer codes the moon.,user_38
39,The cat teaches over the fence.,user_39
40,A teacher paints students.,user_40
41,A developer paints students.,user_41
42,A developer jumps the moon.,user_42
43,An astronaut jumps over the fence.,user_43
44,The engineer jumps the moon.,user_44
45,An astronaut codes students.,user_45
46,The engineer paints students.,user_46
47,An astronaut paints students.,user_47
48,A teacher builds over the fence.,user_48
49,The artist teaches over the fence.,user_49
50,An astronaut jumps the moon.,user_50
51,The artist jumps students.,user_51
52,The engineer teaches over the fence.,user_52
53,The cat paints students.,user_53
54,The engineer paints students.,user_54
55,A teacher codes students.,user_55
56,The cat teaches a new app.,user_56
57,The cat codes a new app.,user_57
58,A developer teaches students.,user_58
59,A teacher jumps over the fence.,user_59
60,An astronaut explores a bridge.,user_60
61,An astronaut builds a bridge.,user_61
62,A teacher jumps a new app.,user_62
63,The artist explores the moon.,user_63
64,The cat paints over the fence.,user_64
65,A developer paints a new app.,user_65
66,An astronaut teaches a bridge.,user_66
67,A developer teaches students.,user_67
68,An astronaut teaches over the fence.,user_68
69,The artist teaches over the fence.,user_69
70,The engineer codes over the fence.,user_70
71,The cat codes a bridge.,user_71
72,A teacher explores students.,user_72
73,A teacher builds students.,user_73
74,An astronaut explores a bridge.,user_74
75,A developer builds over the fence.,user_75
76,The cat jumps a masterpiece.,user_76
77,The artist paints a new app.,user_77
78,The cat builds the moon.,user_78
79,The engineer codes a masterpiece.,user_79
80,The engineer explores students.,user_80
81,The cat jumps a new app.,user_81
82,A teacher teaches over the fence.,user_82
83,A developer paints a bridge.,user_83
84,The cat jumps students.,user_84
85,The cat explores students.,user_85
86,A teacher jumps over the fence.,user_86
87,A teacher builds a bridge.,user_87
88,The engineer explores the moon.,user_88
89,A developer paints a bridge.,user_89
90,A teacher explores a masterpiece.,user_90
91,The engineer codes over the fence.,user_91
92,The cat jumps a masterpiece.,user_92
93,A developer paints students.,user_93
94,A teacher builds a new app.,user_94
95,The cat builds the moon.,user_95
96,A developer codes students.,user_96
97,An astronaut teaches the moon.,user_97
98,The cat jumps the moon.,user_98
99,A developer paints over the fence.,user_99
100,An astronaut explores a masterpiece.,user_100
101,The engineer builds a masterpiece.,user_101
102,The cat explores over the fence.,user_102
103,An astronaut builds a bridge.,user_103
104,An astronaut explores over the fence.,user_104
105,The artist codes over the fence.,user_105
106,An astronaut jumps over the fence.,user_106
107,The engineer explores a bridge.,user_107
108,The engineer builds students.,user_108
109,A teacher teaches over the fence.,user_109
110,The engineer teaches a bridge.,user_110
111,A teacher teaches over the fence.,user_111
112,A teacher jumps the moon.,user_112
113,The engineer builds the moon.,user_113
114,A teacher builds a bridge.,user_114
115,A teacher codes a bridge.,user_115
116,The cat explores a new app.,user_116
117,A teacher builds a bridge.,user_117
118,A developer codes a masterpiece.,user_118
119,The cat explores a masterpiece.,user_119
120,A teacher paints a bridge.,user_120
121,The engineer paints a masterpiece.,user_121
122,A developer paints a new app.,user_122
123,The cat jumps a bridge.,user_123
124,The engineer codes a new app.,user_124
125,The artist codes a masterpiece.,user_125
126,The artist teaches a new app.,user_126
127,A developer codes over the fence.,user_127
128,A developer codes a masterpiece.,user_128
129,The artist explores a bridge.,user_129
130,The cat codes a bridge.,user_130
131,The engineer codes a bridge.,user_131
132,The cat teaches over the fence.,user_132
133,The artist builds a masterpiece.,user_133
134,The cat explores over the fence.,user_134
135,A developer jumps the moon.,user_135
136,An astronaut builds students.,user_136
137,A teacher paints a new app.,user_137
138,A teacher builds the moon.,user_138
139,An astronaut builds the moon.,user_139
140,An astronaut paints students.,user_140
141,The cat teaches a masterpiece.,user_141
142,An astronaut paints a bridge.,user_142
143,The cat codes a masterpiece.,user_143
144,The engineer jumps a bridge.,user_144
145,The engineer builds a bridge.,user_145
146,A developer explores a new app.,user_146
147,An astronaut paints over the fence.,user_147
148,A teacher explores a masterpiece.,user_148
149,The engineer jumps a masterpiece.,user_149
150,An astronaut jumps the moon.,user_150
151,The cat explores over the fence.,user_151
152,An astronaut jumps a new app.,user_152
153,A developer codes a new app.,user_153
154,A teacher teaches over the fence.,user_154
155,The engineer paints over the fence.,user_155
156,A teacher builds the moon.,user_156
157,The artist codes over the fence.,user_157
158,A developer teaches a new app.,user_158
159,The engineer teaches a new app.,user_159
160,A developer paints a bridge.,user_160
161,A developer explores over the fence.,user_161
162,The artist teaches a new app.,user_162
163,The engineer paints over the fence.,user_163
164,A teacher codes students.,user_164
165,A teacher jumps a bridge.,user_165
166,The engineer codes students.,user_166
167,The engineer paints the moon.,user_167
168,A developer codes a new app.,user_168
169,The cat paints a masterpiece.,user_169
170,The artist codes over the fence.,user_170
171,The artist explores a masterpiece.,user_171
172,The engineer teaches a new app.,user_172
173,An astronaut jumps the moon.,user_173
174,The engineer jumps a masterpiece.,user_174
175,A teacher explores a new app.,user_175
176,A developer builds the moon.,user_176
177,The cat teaches a bridge.,user_177
178,The cat explores a bridge.,user_178
179,A teacher teaches over the fence.,user_179
180,The cat jumps students.,user_180
181,The artist codes a new app.,user_181
182,A teacher explores students.,user_182
183,A developer codes over the fence.,user_183
184,The engineer teaches students.,user_184
185,A teacher codes a new app.,user_185
186,The cat teaches a new app.,user_186
187,An astronaut paints a bridge.,user_187
188,A teacher builds a bridge.,user_188
189,A developer teaches the moon.,user_189
190,The artist jumps a bridge.,user_190
191,The engineer paints a masterpiece.,user_191
192,The artist paints students.,user_192
193,The artist builds the moon.,user_193
194,A developer jumps students.,user_194
195,The cat jumps a new app.,user_195
196,A teacher builds students.,user_196
197,The engineer builds over the fence.,user_197
198,The engineer explores over the fence.,user_198
199,The cat paints a new app.,user_199
200,The cat explores a bridge.,user_200
201,The engineer teaches a new app.,user_201
202,An astronaut builds students.,user_202
203,A teacher explores students.,user_203
204,The engineer builds the moon.,user_204
205,The artist paints over the fence.,user_205
206,The cat builds a new app.,user_206
207,The engineer paints students.,user_207
208,The artist teaches the moon.,user_208
209,The engineer teaches a new app.,user_209
210,A teacher jumps students.,user_210
211,The artist teaches a bridge.,user_211
212,A developer jumps a masterpiece.,user_212
213,A teacher jumps students.,user_213
214,A developer explores the moon.,user_214
215,The engineer teaches a new app.,user_215
216,A developer builds a bridge.,user_216
217,The cat paints a new app.,user_217
218,A teacher teaches a new app.,user_218
219,A teacher jumps a masterpiece.,user_219
220,A teacher codes the moon.,user_220
221,The engineer builds a masterpiece.,user_221
222,A teacher teaches over the fence.,user_222
223,A developer builds a bridge.,user_223
224,A developer jumps a new app.,user_224
225,A teacher builds a masterpiece.,user_225
226,A developer codes students.,user_226
227,An astronaut teaches a masterpiece.,user_227
228,The cat teaches a masterpiece.,user_228
229,The engineer codes a masterpiece.,user_229
230,The artist builds a masterpiece.,user_230
231,The engineer paints the moon.,user_231
232,A teacher teaches a masterpiece.,user_232
233,A teacher builds students.,user_233
234,An astronaut codes a bridge.,user_234
235,An astronaut jumps the moon.,user_235
236,The artist paints over the fence.,user_236
237,The artist teaches a new app.,user_237
238,The artist teaches the moon.,user_238
239,A teacher jumps students.,user_239
240,The engineer codes a new app.,user_240
241,A teacher explores a bridge.,user_241
242,A developer teaches students.,user_242
243,The engineer codes a bridge.,user_243
244,An astronaut paints students.,user_244
245,The cat teaches the moon.,user_245
246,The artist codes a masterpiece.,user_246
247,An astronaut builds over the fence.,user_247
248,A teacher explores the moon.,user_248
249,The artist explores over the fence.,user_249
250,The engineer jumps a new app.,user_250
251,A teacher codes students.,user_251
252,The artist teaches students.,user_252
253,A teacher paints the moon.,user_253
254,The engineer builds a new app.,user_254
255,The engineer codes over the fence.,user_255
256,The engineer explores students.,user_256
257,An astronaut explores a new app.,user_257
258,A teacher jumps a new app.,user_258
259,An astronaut paints a new app.,user_259
260,A teacher jumps a bridge.,user_260
261,The engineer paints over the fence.,user_261
262,The cat explores a new app.,user_262
263,The cat teaches a new app.,user_263
264,The cat explores the moon.,user_264
265,The cat codes over the fence.,user_265
266,An astronaut builds over the fence.,user_266
267,The cat codes a masterpiece.,user_267
268,The engineer teaches a new app.,user_268
269,The cat jumps a masterpiece.,user_269
270,A developer jumps a new app.,user_270
271,A teacher teaches students.,user_271
272,The cat jumps over the fence.,user_272
273,An astronaut jumps students.,user_273
274,The artist codes a new app.,user_274
275,The engineer jumps a masterpiece.,user_275
276,A developer codes a masterpiece.,user_276
277,The artist codes a masterpiece.,user_277
278,A developer jumps a bridge.,user_278
279,The artist paints a bridge.,user_279
280,The engineer builds over the fence.,user_280
281,An astronaut codes the moon.,user_281
282,A developer builds students.,user_282
283,An astronaut teaches students.,user_283
284,The cat explores a new app.,user_284
285,The cat explores students.,user_285
286,A developer jumps a bridge.,user_286
287,The artist jumps a bridge.,user_287
288,The cat paints a bridge.,user_288
289,An astronaut paints a bridge.,user_289
290,The cat teaches a new app.,user_290
291,The engineer builds over the fence.,user_291
292,The cat jumps the moon.,user_292
293,The engineer jumps a new app.,user_293
294,A developer codes a masterpiece.,user_294
295,An astronaut jumps the moon.,user_295
296,The engineer teaches a new app.,user_296
297,The artist teaches a masterpiece.,user_297
298,A developer teaches over the fence.,user_298
299,An astronaut jumps a masterpiece.,user_299
300,An astronaut explores students.,user_300
301,A developer builds students.,user_301
302,The cat codes a new app.,user_302
303,A developer builds a bridge.,user_303
304,A teacher builds a new app.,user_304
305,A teacher builds a new app.,user_305
306,The artist codes a masterpiece.,user_306
307,The engineer codes a bridge.,user_307
308,An astronaut codes a masterpiece.,user_308
309,A developer builds the moon.,user_309
310,An astronaut explores a bridge.,user_310
311,The engineer builds students.,user_311
312,An astronaut explores a new app.,user_312
313,A developer jumps students.,user_313
314,A developer teaches a masterpiece.,user_314
315,A teacher codes a bridge.,user_315
316,The artist teaches over the fence.,user_316
317,The cat builds a new app.,user_317
318,The engineer explores a new app.,user_318
319,A teacher jumps over the fence.,user_319
320,The engineer paints the moon.,user_320
321,The artist explores a masterpiece.,user_321
322,The engineer explores students.,user_322
323,A teacher explores a bridge.,user_323
324,The artist codes students.,user_324
325,A teacher jumps a bridge.,user_325
326,A developer codes students.,user_326
327,The engineer teaches a bridge.,user_327
328,A developer jumps over the fence.,user_328
329,The engineer builds a bridge.,user_329
330,A teacher teaches the moon.,user_330
331,A developer explores a masterpiece.,user_331
332,The engineer explores the moon.,user_332
333,The engineer teaches a new app.,user_333
334,The engineer explores a bridge.,user_334
335,A teacher explores a bridge.,user_335
336,The artist builds students.,user_336
337,An astronaut explores a new app.,user_337
338,The cat explores a masterpiece.,user_338
339,The cat paints a bridge.,user_339
340,A teacher teaches a masterpiece.,user_340
341,A developer paints a bridge.,user_341
342,The artist teaches the moon.,user_342
343,A teacher codes a new app.,user_343
344,An astronaut teaches a bridge.,user_344
345,The cat codes the moon.,user_345
346,The engineer teaches a bridge.,user_346
347,A developer codes the moon.,user_347
348,The engineer codes a bridge.,user_348
349,The engineer codes over the fence.,user_349
350,The engineer explores a new app.,user_350
351,A teacher builds a masterpiece.,user_351
352,A developer builds a bridge.,user_352
353,A developer codes a bridge.,user_353
354,The artist builds over the fence.,user_354
355,The artist codes a new app.,user_355
356,A teacher codes over the fence.,user_356
357,The artist teaches students.,user_357
358,An astronaut builds a new app.,user_358
359,An astronaut codes a bridge.,user_359
360,The engineer teaches a new app.,user_360
361,The engineer builds the moon.,user_361
362,A teacher paints a bridge.,user_362
363,The cat explores a masterpiece.,user_363
364,The engineer explores a new app.,user_364
365,An astronaut builds a new app.,user_365
366,A developer explores students.,user_366
367,An astronaut jumps a bridge.,user_367
368,The artist builds a masterpiece.,user_368
369,The artist jumps the moon.,user_369
370,The cat jumps over the fence.,user_370
371,The cat builds the moon.,user_371
372,An astronaut jumps a masterpiece.,user_372
373,The artist paints the moon.,user_373
374,The artist builds students.,user_374
375,A developer jumps a masterpiece.,user_375
376,An astronaut teaches over the fence.,user_376
377,A teacher jumps a bridge.,user_377
378,The artist builds over the fence.,user_378
379,The artist teaches students.,user_379
380,A teacher paints students.,user_380
381,A developer jumps students.,user_381
382,A developer teaches a new app.,user_382
383,The artist explores over the fence.,user_383
384,The cat teaches a bridge.,user_384
385,A developer teaches over the fence.,user_385
386,The engineer jumps a masterpiece.,user_386
387,The engineer codes the moon.,user_387
388,The engineer builds students.,user_388
389,The artist jumps a new app.,user_389
390,An astronaut jumps over the fence.,user_390
391,A teacher builds a new app.,user_391
392,The engineer paints a masterpiece.,user_392
393,The artist paints students.,user_393
394,The cat codes a new app.,user_394
395,The artist builds a masterpiece.,user_395
396,The cat codes students.,user_396
397,A teacher paints over the fence.,user_397
398,The cat paints a new app.,user_398
399,The artist codes over the fence.,user_399
400,A developer paints over the fence.,user_400
401,A developer codes a new app.,user_401
402,The engineer codes students.,user_402
403,A developer builds a masterpiece.,user_403
404,A teacher explores a bridge.,user_404
405,A developer jumps over the fence.,user_405
406,A developer codes the moon.,user_406
407,A developer codes a bridge.,user_407
408,The artist teaches a masterpiece.,user_408
409,The engineer jumps students.,user_409
410,The engineer teaches a new app.,user_410
411,The artist codes a new app.,user_411
412,The artist explores the moon.,user_412
413,A developer jumps a bridge.,user_413
414,The artist explores students.,user_414
415,An astronaut paints over the fence.,user_415
416,A developer jumps a new app.,user_416
417,An astronaut paints a masterpiece.,user_417
418,A teacher paints the moon.,user_418
419,An astronaut jumps a new app.,user_419
420,The cat builds a bridge.,user_420
421,The engineer builds over the fence.,user_421
422,An astronaut paints the moon.,user_422
423,The cat explores students.,user_423
424,A developer explores the moon.,user_424
425,The engineer explores a new app.,user_425
426,A teacher codes a masterpiece.,user_426
427,The cat builds a new app.,user_427
428,The artist jumps the moon.,user_428
429,The cat codes a new app.,user_429
430,A developer builds a bridge.,user_430
431,A teacher teaches the moon.,user_431
432,An astronaut paints over the fence.,user_432
433,A developer builds the moon.,user_433
434,A developer builds students.,user_434
435,A teacher builds a new app.,user_435
436,A developer codes a bridge.,user_436
437,A developer builds a bridge.,user_437
438,The cat builds the moon.,user_438
439,The cat teaches the moon.,user_439
440,The engineer builds over the fence.,user_440
441,A teacher builds a new app.,user_441
442,A developer jumps over the fence.,user_442
443,An astronaut codes over the fence.,user_443
444,The engineer codes a bridge.,user_444
445,The engineer explores the moon.,user_445
446,The artist explores students.,user_446
447,The engineer explores students.,user_447
448,The artist teaches over the fence.,user_448
449,The cat explores over the fence.,user_449
450,The artist jumps over the fence.,user_450
451,An astronaut explores over the fence.,user_451
452,A teacher teaches a masterpiece.,user_452
453,The engineer codes the moon.,user_453
454,An astronaut jumps a new app.,user_454
455,The cat codes the moon.,user_455
456,The artist teaches over the fence.,user_456
457,The engineer explores a masterpiece.,user_457
458,The engineer jumps over the fence.,user_458
459,The cat paints students.,user_459
460,An astronaut paints over the fence.,user_460
461,An astronaut paints a bridge.,user_461
462,A developer jumps over the fence.,user_462
463,A developer builds students.,user_463
464,The cat explores over the fence.,user_464
465,The artist jumps a new app.,user_465
466,A teacher paints the moon.,user_466
467,The cat paints a masterpiece.,user_467
468,A developer codes a bridge.,user_468
469,The artist codes a masterpiece.,user_469
470,A teacher paints a bridge.,user_470
471,A developer builds over the fence.,user_471
472,The engineer codes over the fence.,user_472
473,The artist jumps a new app.,user_473
474,The artist codes the moon.,user_474
475,A developer explores the moon.,user_475
476,The artist paints the moon.,user_476
477,The cat jumps students.,user_477
478,A teacher paints over the fence.,user_478
479,A teacher paints a masterpiece.,user_479
480,The artist jumps a new app.,user_480
481,The engineer codes a new app.,user_481
482,The artist explores a bridge.,user_482
483,An astronaut jumps a masterpiece.,user_483
484,A teacher teaches the moon.,user_484
485,A developer jumps over the fence.,user_485
486,A teacher explores the moon.,user_486
487,The cat codes the moon.,user_487
488,An astronaut explores the moon.,user_488
489,A developer builds a masterpiece.,user_489
490,A teacher codes over the fence.,user_490
491,An astronaut codes students.,user_491
492,The engineer jumps students.,user_492
493,An astronaut jumps the moon.,user_493
494,The engineer teaches students.,user_494
495,The cat jumps students.,user_495
496,The cat teaches a masterpiece.,user_496
497,A teacher codes students.,user_497
498,A teacher builds the moon.,user_498
499,The engineer explores the moon.,user_499
500,The engineer paints a new app.,user_500
501,The engineer codes students.,user_501
502,A teacher builds students.,user_502
503,A developer jumps a new app.,user_503
504,A teacher jumps a bridge.,user_504
505,An astronaut paints over the fence.,user_505
506,A developer paints students.,user_506
507,An astronaut builds a new app.,user_507
508,A teacher jumps over the fence.,user_508
509,The artist builds a new app.,user_509
510,The artist codes a bridge.,user_510
511,A teacher jumps a bridge.,user_511
512,A teacher teaches students.,user_512
513,A teacher codes a new app.,user_513
514,A teacher builds the moon.,user_514
515,A developer paints a bridge.,user_515
516,The artist builds a masterpiece.,user_516
517,The artist builds over the fence.,user_517
518,An astronaut explores a bridge.,user_518
519,An astronaut codes a new app.,user_519
520,The artist jumps students.,user_520
521,A teacher explores the moon.,user_521
522,A teacher jumps over the fence.,user_522
523,A developer jumps a bridge.,user_523
524,The cat explores a bridge.,user_524
525,A teacher teaches students.,user_525
526,The cat paints a masterpiece.,user_526
527,The artist paints students.,user_527
528,A teacher paints over the fence.,user_528
529,The cat paints the moon.,user_529
530,The engineer paints a new app.,user_530
531,An astronaut paints a masterpiece.,user_531
532,The artist teaches a bridge.,user_532
533,The engineer teaches a bridge.,user_533
534,The cat builds over the fence.,user_534
535,A teacher builds a masterpiece.,user_535
536,The cat codes students.,user_536
537,A teacher teaches over the fence.,user_537
538,An astronaut explores a new app.,user_538
539,A teacher codes the moon.,user_539
540,The cat teaches the moon.,user_540
541,An astronaut builds students.,user_541
542,An astronaut explores over the fence.,user_542
543,The artist explores a masterpiece.,user_543
544,An astronaut paints a new app.,user_544
545,A developer jumps students.,user_545
546,The engineer explores over the fence.,user_546
547,The cat jumps a bridge.,user_547
548,The cat jumps students.,user_548
549,The cat builds over the fence.,user_549
550,A teacher teaches a bridge.,user_550
551,The artist jumps students.,user_551
552,The artist builds a masterpiece.,user_552
553,The cat jumps over the fence.,user_553
554,The engineer builds a new app.,user_554
555,A developer codes a masterpiece.,user_555
556,A teacher explores a new app.,user_556
557,A teacher explores a new app.,user_557
558,The cat builds students.,user_558
559,A teacher builds a masterpiece.,user_559
560,An astronaut paints over the fence.,user_560
561,A teacher codes over the fence.,user_561
562,The artist teaches a bridge.,user_562
563,The artist codes students.,user_563
564,The artist paints a bridge.,user_564
565,An astronaut paints the moon.,user_565
566,An astronaut teaches over the fence.,user_566
567,A developer teaches a bridge.,user_567
568,The engineer paints a bridge.,user_568
569,An astronaut jumps a masterpiece.,user_569
570,An astronaut codes a new app.,user_570
571,An astronaut explores a masterpiece.,user_571
572,A developer teaches over the fence.,user_572
573,A teacher paints students.,user_573
574,A teacher jumps the moon.,user_574
575,The artist teaches a bridge.,user_575
576,The engineer builds over the fence.,user_576
577,A teacher builds a masterpiece.,user_577
578,The cat teaches a new app.,user_578
579,The cat paints over the fence.,user_579
580,An astronaut paints the moon.,user_580
581,The cat builds the moon.,user_581
582,The engineer codes a bridge.,user_582
583,The artist codes the moon.,user_583
584,An astronaut teaches students.,user_584
585,A developer paints students.,user_585
586,A teacher jumps over the fence.,user_586
587,A teacher paints a new app.,user_587
588,The cat explores a new app.,user_588
589,A teacher jumps a bridge.,user_589
590,The engineer paints the moon.,user_590
591,A developer builds a masterpiece.,user_591
592,A teacher codes a bridge.,user_592
593,The cat teaches the moon.,user_593
594,A developer explores a new app.,user_594
595,An astronaut builds over the fence.,user_595
596,The cat codes over the fence.,user_596
597,The cat paints a bridge.,user_597
598,A developer teaches a masterpiece.,user_598
599,An astronaut teaches students.,user_599
600,The artist paints over the fence.,user_600
601,An astronaut jumps a new app.,user_601
602,The cat jumps a new app.,user_602
603,The cat explores a new app.,user_603
604,The engineer paints the moon.,user_604
605,A teacher paints over the fence.,user_605
606,A teacher paints a new app.,user_606
607,A teacher builds a new app.,user_607
608,An astronaut builds a bridge.,user_608
609,The cat jumps a new app.,user_609
610,A teacher explores students.,user_610
611,A teacher explores a new app.,user_611
612,The engineer codes the moon.,user_612
613,The artist codes a bridge.,user_613
614,An astronaut explores over the fence.,user_614
615,The artist teaches a masterpiece.,user_615
616,A developer explores the moon.,user_616
617,An astronaut jumps students.,user_617
618,The cat codes a masterpiece.,user_618
619,A teacher explores a bridge.,user_619
620,The cat explores a bridge.,user_620
621,A teacher jumps students.,user_621
622,A developer jumps the moon.,user_622
623,The cat teaches the moon.,user_623
624,The engineer paints students.,user_624
625,The engineer codes a masterpiece.,user_625
626,An astronaut codes a new app.,user_626
627,The engineer jumps a masterpiece.,user_627
628,The engineer paints a new app.,user_628
629,A developer teaches a bridge.,user_629
630,The cat codes the moon.,user_630
631,The engineer paints a bridge.,user_631
632,An astronaut explores the moon.,user_632
633,The artist builds over the fence.,user_633
634,The cat explores the moon.,user_634
635,An astronaut teaches over the fence.,user_635
636,A developer codes a new app.,user_636
637,The engineer builds the moon.,user_637
638,A developer codes the moon.,user_638
639,An astronaut builds a bridge.,user_639
640,An astronaut builds students.,user_640
641,A developer jumps students.,user_641
642,The artist teaches a new app.,user_642
643,A teacher builds a bridge.,user_643
644,The engineer builds a masterpiece.,user_644
645,A developer builds over the fence.,user_645
646,The artist teaches a new app.,user_646
647,An astronaut paints students.,user_647
648,The artist paints over the fence.,user_648
649,The cat builds students.,user_649
650,A teacher explores students.,user_650
651,A teacher jumps a new app.,user_651
652,A teacher jumps over the fence.,user_652
653,A developer builds the moon.,user_653
654,An astronaut teaches a masterpiece.,user_654
655,The cat explores students.,user_655
656,An astronaut codes a bridge.,user_656
657,The engineer builds the moon.,user_657
658,The engineer paints a masterpiece.,user_658
659,An astronaut builds the moon.,user_659
660,The artist jumps a masterpiece.,user_660
661,The cat explores over the fence.,user_661
662,The cat jumps a bridge.,user_662
663,The artist teaches a bridge.,user_663
664,A teacher paints a new app.,user_664
665,A teacher teaches over the fence.,user_665
666,The cat teaches students.,user_666
667,A teacher codes a new app.,user_667
668,The cat teaches a masterpiece.,user_668
669,The engineer codes a masterpiece.,user_669
670,The cat explores a new app.,user_670
671,A developer builds a bridge.,user_671
672,The engineer codes a masterpiece.,user_672
673,The artist teaches a new app.,user_673
674,A developer paints over the fence.,user_674
675,An astronaut teaches a new app.,user_675
676,An astronaut jumps students.,user_676
677,The engineer jumps students.,user_677
678,An astronaut jumps the moon.,user_678
679,The artist builds a new app.,user_679
680,The engineer explores a bridge.,user_680
681,The engineer paints a new app.,user_681
682,An astronaut teaches a bridge.,user_682
683,A developer explores a masterpiece.,user_683
684,The artist teaches students.,user_684
685,An astronaut builds a new app.,user_685
686,A teacher builds students.,user_686
687,The artist explores a masterpiece.,user_687
688,A developer jumps over the fence.,user_688
689,The artist jumps a bridge.,user_689
690,A developer jumps the moon.,user_690
691,The engineer paints a masterpiece.,user_691
692,The engineer builds the moon.,user_692
693,An astronaut codes a new app.,user_693
694,A developer explores over the fence.,user_694
695,A developer codes a bridge.,user_695
696,The cat builds a masterpiece.,user_696
697,The cat explores a new app.,user_697
698,An astronaut builds a new app.,user_698
699,The artist explores over the fence.,user_699
700,A developer codes a masterpiece.,user_700
701,The cat jumps a masterpiece.,user_701
702,The cat codes a masterpiece.,user_702
703,An astronaut jumps the moon.,user_703
704,The artist jumps students.,user_704
705,The artist builds a new app.,user_705
706,The artist jumps a masterpiece.,user_706
707,The engineer builds a masterpiece.,user_707
708,The engineer jumps a masterpiece.,user_708
709,The artist builds a bridge.,user_709
710,A teacher codes the moon.,user_710
711,An astronaut builds a masterpiece.,user_711
712,A developer jumps over the fence.,user_712
713,The cat codes a masterpiece.,user_713
714,The engineer builds students.,user_714
715,A teacher teaches a bridge.,user_715
716,A developer explores students.,user_716
717,The artist paints a bridge.,user_717
718,An astronaut explores over the fence.,user_718
719,The cat explores a masterpiece.,user_719
720,The engineer explores a bridge.,user_720
721,The engineer builds a masterpiece.,user_721
722,The artist codes the moon.,user_722
723,An astronaut teaches a bridge.,user_723
724,The cat jumps a new app.,user_724
725,The cat explores over the fence.,user_725
726,The cat codes students.,user_726
727,The engineer builds a bridge.,user_727
728,The artist teaches the moon.,user_728
729,The artist jumps over the fence.,user_729
730,The artist paints a masterpiece.,user_730
731,The artist paints a bridge.,user_731
732,The cat teaches a new app.,user_732
733,The artist jumps a new app.,user_733
734,The artist paints a bridge.,user_734
735,A teacher explores a bridge.,user_735
736,An astronaut codes over the fence.,user_736
737,An astronaut codes a new app.,user_737
738,The artist paints the moon.,user_738
739,The cat explores a bridge.,user_739
740,The artist builds the moon.,user_740
741,An astronaut explores over the fence.,user_741
742,The cat jumps a masterpiece.,user_742
743,A teacher paints over the fence.,user_743
744,A teacher explores over the fence.,user_744
745,The artist paints over the fence.,user_745
746,The engineer explores a masterpiece.,user_746
747,The artist explores a masterpiece.,user_747
748,A developer builds a masterpiece.,user_748
749,A teacher builds a masterpiece.,user_749
750,An astronaut codes over the fence.,user_750
751,The cat teaches the moon.,user_751
752,The cat paints a masterpiece.,user_752
753,An astronaut builds students.,user_753
754,The artist paints a masterpiece.,user_754
755,A teacher paints students.,user_755
756,An astronaut teaches a masterpiece.,user_756
757,A developer teaches a new app.,user_757
758,The artist codes over the fence.,user_758
759,A developer paints a bridge.,user_759
760,The cat jumps students.,user_760
761,An astronaut builds a bridge.,user_761
762,The cat teaches students.,user_762
763,A developer paints over the fence.,user_763
764,An astronaut jumps a bridge.,user_764
765,A developer jumps students.,user_765
766,The engineer codes the moon.,user_766
767,A teacher builds a bridge.,user_767
768,A developer codes students.,user_768
769,An astronaut paints a bridge.,user_769
770,A teacher explores students.,user_770
771,A developer builds a masterpiece.,user_771
772,The engineer teaches a bridge.,user_772
773,The artist jumps a bridge.,user_773
774,An astronaut jumps students.,user_774
775,A teacher explores students.,user_775
776,A teacher builds the moon.,user_776
777,The engineer jumps students.,user_777
778,A teacher jumps over the fence.,user_778
779,An astronaut teaches students.,user_779
780,An astronaut builds students.,user_780
781,The cat paints a bridge.,user_781
782,An astronaut builds students.,user_782
783,The cat jumps students.,user_783
784,The cat codes students.,user_784
785,The engineer jumps over the fence.,user_785
786,A developer codes a new app.,user_786
787,A developer paints a bridge.,user_787
788,A teacher paints a masterpiece.,user_788
789,The cat explores the moon.,user_789
790,The cat explores students.,user_790
791,The cat jumps a new app.,user_791
792,A teacher paints over the fence.,user_792
793,An astronaut codes a new app.,user_793
794,The artist teaches a new app.,user_794
795,A teacher paints the moon.,user_795
796,An astronaut explores a new app.,user_796
797,A teacher teaches a bridge.,user_797
798,An astronaut jumps the moon.,user_798
799,A teacher teaches over the fence.,user_799
800,An astronaut explores the moon.,user_800
801,An astronaut codes students.,user_801
802,A teacher codes students.,user_802
803,A teacher codes the moon.,user_803
804,The artist jumps a new app.,user_804
805,A developer paints over the fence.,user_805
806,A developer paints over the fence.,user_806
807,The engineer teaches a bridge.,user_807
808,The artist jumps a new app.,user_808
809,The cat codes a new app.,user_809
810,The cat paints students.,user_810
811,The cat builds students.,user_811
812,An astronaut teaches the moon.,user_812
813,The cat codes over the fence.,user_813
814,The artist paints a new app.,user_814
815,The artist builds over the fence.,user_815
816,The engineer explores over the fence.,user_816
817,The artist codes a masterpiece.,user_817
818,A developer explores a bridge.,user_818
819,The artist codes a new app.,user_819
820,The cat jumps a masterpiece.,user_820
821,A teacher jumps a bridge.,user_821
822,A developer paints a masterpiece.,user_822
823,The cat jumps a new app.,user_823
824,The artist builds a masterpiece.,user_824
825,The cat jumps students.,user_825
826,The artist builds the moon.,user_826
827,The engineer teaches a masterpiece.,user_827
828,The engineer codes students.,user_828
829,The engineer codes a bridge.,user_829
830,A developer explores a new app.,user_830
831,The engineer jumps a new app.,user_831
832,The artist jumps a masterpiece.,user_832
833,A teacher paints the moon.,user_833
834,A teacher teaches a bridge.,user_834
835,The engineer jumps the moon.,user_835
836,The artist jumps the moon.,user_836
837,A developer paints a masterpiece.,user_837
838,The cat paints students.,user_838
839,The artist paints the moon.,user_839
840,The engineer paints over the fence.,user_840
841,The artist jumps over the fence.,user_841
842,The artist teaches a masterpiece.,user_842
843,An astronaut jumps a new app.,user_843
844,The cat builds students.,user_844
845,A developer codes over the fence.,user_845
846,The engineer explores a bridge.,user_846
847,The artist explores the moon.,user_847
848,A developer teaches a bridge.,user_848
849,A teacher explores the moon.,user_849
850,The cat jumps students.,user_850
851,The artist teaches a masterpiece.,user_851
852,The engineer teaches a bridge.,user_852
853,A teacher jumps over the fence.,user_853
854,The engineer codes the moon.,user_854
855,The artist codes students.,user_855
856,An astronaut paints a masterpiece.,user_856
857,The artist codes students.,user_857
858,The engineer codes a new app.,user_858
859,A developer builds a new app.,user_859
860,The artist codes a masterpiece.,user_860
861,The cat explores students.,user_861
862,An astronaut builds over the fence.,user_862
863,The cat explores a masterpiece.,user_863
864,The engineer codes over the fence.,user_864
865,The artist builds a bridge.,user_865
866,A developer jumps a new app.,user_866
867,A teacher paints students.,user_867
868,The artist builds over the fence.,user_868
869,The cat builds the moon.,user_869
870,A teacher paints a new app.,user_870
871,A developer explores a bridge.,user_871
872,The engineer teaches a bridge.,user_872
873,A developer explores a bridge.,user_873
874,The artist teaches a new app.,user_874
875,A teacher builds students.,user_875
876,The artist codes a bridge.,user_876
877,A developer paints over the fence.,user_877
878,A developer explores a masterpiece.,user_878
879,The engineer teaches a bridge.,user_879
880,An astronaut teaches a new app.,user_880
881,A developer paints a masterpiece.,user_881
882,A teacher explores a new app.,user_882
883,A developer explores students.,user_883
884,An astronaut explores a bridge.,user_884
885,The artist paints a bridge.,user_885
886,A teacher teaches over the fence.,user_886
887,The artist teaches the moon.,user_887
888,A developer explores over the fence.,user_888
889,The cat builds a new app.,user_889
890,The cat codes a new app.,user_890
891,The engineer builds a new app.,user_891
892,An astronaut paints a new app.,user_892
893,The cat teaches over the fence.,user_893
894,An astronaut explores over the fence.,user_894
895,An astronaut paints a bridge.,user_895
896,The cat jumps a bridge.,user_896
897,The engineer codes the moon.,user_897
898,An astronaut paints a bridge.,user_898
899,An astronaut explores over the fence.,user_899
900,The engineer builds over the fence.,user_900
901,The artist builds a bridge.,user_901
902,An astronaut codes a new app.,user_902
903,The cat paints a new app.,user_903
904,A teacher teaches students.,user_904
905,A developer jumps a new app.,user_905
906,The artist codes a bridge.,user_906
907,The cat codes over the fence.,user_907
908,The cat teaches over the fence.,user_908
909,The cat codes a bridge.,user_909
910,A developer codes students.,user_910
911,The engineer teaches a masterpiece.,user_911
912,An astronaut teaches a bridge.,user_912
913,An astronaut paints a new app.,user_913
914,A teacher teaches a masterpiece.,user_914
915,An astronaut explores students.,user_915
916,A developer teaches a new app.,user_916
917,The artist paints students.,user_917
918,A developer teaches a new app.,user_918
919,The artist codes students.,user_919
920,The engineer builds a bridge.,user_920
921,A teacher explores students.,user_921
922,A teacher jumps students.,user_922
923,A developer teaches a bridge.,user_923
924,A developer teaches a new app.,user_924
925,The artist jumps over the fence.,user_925
926,A developer paints over the fence.,user_926
927,The engineer teaches a masterpiece.,user_927
928,The artist explores over the fence.,user_928
929,The engineer jumps students.,user_929
930,A developer jumps students.,user_930
931,An astronaut teaches a bridge.,user_931
932,An astronaut explores the moon.,user_932
933,The artist builds a bridge.,user_933
934,The cat explores a masterpiece.,user_934
935,An astronaut paints students.,user_935
936,The artist paints a new app.,user_936
937,The engineer explores the moon.,user_937
938,The artist teaches a masterpiece.,user_938
939,A teacher builds students.,user_939
940,The engineer jumps a bridge.,user_940
941,A teacher paints over the fence.,user_941
942,A teacher jumps over the fence.,user_942
943,An astronaut teaches a masterpiece.,user_943
944,A developer paints a new app.,user_944
945,A teacher jumps over the fence.,user_945
946,A developer builds a new app.,user_946
947,The engineer jumps students.,user_947
948,The cat builds students.,user_948
949,The engineer paints over the fence.,user_949
950,An astronaut paints a bridge.,user_950
951,A developer jumps a masterpiece.,user_951
952,The cat builds a masterpiece.,user_952
953,An astronaut explores a bridge.,user_953
954,A teacher explores a masterpiece.,user_954
955,A developer codes a masterpiece.,user_955
956,A teacher jumps over the fence.,user_956
957,The artist paints students.,user_957
958,The artist codes students.,user_958
959,The engineer builds over the fence.,user_959
960,A developer builds a bridge.,user_960
961,An astronaut paints a masterpiece.,user_961
962,The artist jumps a masterpiece.,user_962
963,The engineer paints a masterpiece.,user_963
964,The artist jumps a bridge.,user_964
965,A teacher builds the moon.,user_965
966,The engineer paints over the fence.,user_966
967,A teacher builds a masterpiece.,user_967
968,The artist paints a masterpiece.,user_968
969,A developer paints over the fence.,user_969
970,An astronaut paints a masterpiece.,user_970
971,The artist builds the moon.,user_971
972,The cat explores students.,user_972
973,A teacher paints a new app.,user_973
974,The engineer builds over the fence.,user_974
975,The engineer codes a masterpiece.,user_975
976,A teacher teaches students.,user_976
977,A teacher builds the moon.,user_977
978,A teacher teaches a masterpiece.,user_978
979,The engineer jumps students.,user_979
980,The cat explores students.,user_980
981,An astronaut explores the moon.,user_981
982,The cat teaches students.,user_982
983,A teacher teaches over the fence.,user_983
984,The engineer jumps over the fence.,user_984
985,A developer builds over the fence.,user_985
986,A developer jumps the moon.,user_986
987,An astronaut codes a bridge.,user_987
988,The artist teaches the moon.,user_988
989,The cat explores a masterpiece.,user_989
990,The artist jumps a bridge.,user_990
991,A teacher codes students.,user_991
992,A developer explores the moon.,user_992
993,An astronaut paints the moon.,user_993
994,A developer jumps a new app.,user_994
995,The cat codes the moon.,user_995
996,The artist explores students.,user_996
997,A teacher teaches over the fence.,user_997
998,A teacher paints a bridge.,user_998
999,A teacher explores a new app.,user_999
1000,A teacher explores a new app.,user_1000
