hashtag,count
#randomthought,599
#project1,495
#project2,196
#project3,62
#project4,450
#project5,762
#project6,352
#project7,473
#project8,135
#project9,777
#project10,420
#project11,794
#project12,713
#project13,840
#project14,444
#project15,795
#project16,742
#project17,878
#project18,411
#project19,171
#project20,498
#project21,823
#project22,734
#project23,206
#project24,929
#project25,767
#project26,279
#project27,941
#project28,991
#project29,471
#project30,842
#project31,120
#project32,966
#project33,501
#project34,213
#project35,659
#project36,444
#project37,117
#project38,469
#project39,475
#project40,666
#project41,33
#project42,767
#project43,388
#project44,609
#project45,688
#project46,89
#project47,771
#project48,116
#project49,795
#project50,784
#project51,132
#project52,752
#project53,726
#project54,611
#project55,797
#project56,301
#project57,38
#project58,497
#project59,861
#project60,190
#project61,758
#project62,347
#project63,625
#project64,701
#project65,979
#project66,553
#project67,133
#project68,969
#project69,631
#project70,413
#project71,377
#project72,126
#project73,286
#project74,265
#project75,115
#project76,581
#project77,441
#project78,300
#project79,70
#project80,578
#project81,354
#project82,440
#project83,577
#project84,69
#project85,642
#project86,18
#project87,465
#project88,428
#project89,623
#project90,870
#project91,14
#project92,776
#project93,425
#project94,990
#project95,855
#project96,174
#project97,497
#project98,614
#project99,542
#project100,919
#project101,698
#project102,518
#project103,89
#project104,414
#project105,273
#project106,935
#project107,246
#project108,351
#project109,187
#project110,300
#project111,854
#project112,689
#project113,129
#project114,692
#project115,633
#project116,22
#project117,660
#project118,805
#project119,711
#project120,225
#project121,981
#project122,520
#project123,324
#project124,715
#project125,376
#project126,284
#project127,945
#project128,644
#project129,375
#project130,219
#project131,472
#project132,892
#project133,419
#project134,427
#project135,62
#project136,265
#project137,539
#project138,45
#project139,557
#project140,57
#project141,372
#project142,71
#project143,567
#project144,903
#project145,654
#project146,59
#project147,444
#project148,391
#project149,33
#project150,154
#project151,48
#project152,571
#project153,661
#project154,703
#project155,697
#project156,140
#project157,209
#project158,928
#project159,379
#project160,712
#project161,803
#project162,710
#project163,358
#project164,787
#project165,553
#project166,54
#project167,752
#project168,11
#project169,74
#project170,213
#project171,449
#project172,112
#project173,573
#project174,723
#project175,232
#project176,298
#project177,407
#project178,961
#project179,131
#project180,293
#project181,564
#project182,759
#project183,667
#project184,900
#project185,73
#project186,634
#project187,982
#project188,403
#project189,906
#project190,555
#project191,240
#project192,220
#project193,576
#project194,680
#project195,215
#project196,444
#project197,89
#project198,873
#project199,436
#project200,226
#project201,513
#project202,962
#project203,979
#project204,554
#project205,104
#project206,681
#project207,26
#project208,562
#project209,42
#project210,482
#project211,409
#project212,304
#project213,77
#project214,579
#project215,39
#project216,417
#project217,182
#project218,619
#project219,218
#project220,208
#project221,777
#project222,356
#project223,139
#project224,830
#project225,381
#project226,635
#project227,145
#project228,551
#project229,763
#project230,21
#project231,567
#project232,385
#project233,12
#project234,132
#project235,383
#project236,144
#project237,838
#project238,674
#project239,129
#project240,411
#project241,166
#project242,351
#project243,769
#project244,355
#project245,227
#project246,769
#project247,248
#project248,121
#project249,284
#project250,24
#project251,19
#project252,34
#project253,174
#project254,735
#project255,981
#project256,51
#project257,330
#project258,175
#project259,24
#project260,28
#project261,951
#project262,399
#project263,286
#project264,989
#project265,869
#project266,848
#project267,961
#project268,363
#project269,944
#project270,910
#project271,830
#project272,933
#project273,175
#project274,165
#project275,522
#project276,257
#project277,914
#project278,715
#project279,878
#project280,293
#project281,441
#project282,158
#project283,176
#project284,300
#project285,187
#project286,546
#project287,366
#project288,165
#project289,453
#project290,640
#project291,21
#project292,508
#project293,45
#project294,891
#project295,964
#project296,272
#project297,121
#project298,218
#project299,255
#project300,346
#project301,982
#project302,205
#project303,429
#project304,634
#project305,29
#project306,652
#project307,100
#project308,134
#project309,990
#project310,932
#project311,882
#project312,600
#project313,730
#project314,922
#project315,54
#project316,943
#project317,811
#project318,348
#project319,198
#project320,624
#project321,534
#project322,240
#project323,761
#project324,810
#project325,109
#project326,737
#project327,55
#project328,591
#project329,846
#project330,359
#project331,981
#project332,903
#project333,891
#project334,827
#project335,162
#project336,50
#project337,400
#project338,246
#project339,469
#project340,569
#project341,842
#project342,512
#project343,581
#project344,911
#project345,576
#project346,553
#project347,480
#project348,613
#project349,862
#project350,986
#project351,645
#project352,596
#project353,86
#project354,373
#project355,874
#project356,566
#project357,992
#project358,304
#project359,545
#project360,880
#project361,795
#project362,707
#project363,268
#project364,463
#project365,960
#project366,695
#project367,523
#project368,485
#project369,653
#project370,377
#project371,789
#project372,595
#project373,450
#project374,375
#project375,459
#project376,653
#project377,831
#project378,642
#project379,921
#project380,178
#project381,729
#project382,124
#project383,249
#project384,622
#project385,838
#project386,403
#project387,37
#project388,269
#project389,527
#project390,706
#project391,860
#project392,953
#project393,14
#project394,840
#project395,637
#project396,242
#project397,745
#project398,455
#project399,750
#project400,103
#project401,521
#project402,655
#project403,823
#project404,809
#project405,964
#project406,187
#project407,668
#project408,61
#project409,865
#project410,215
#project411,173
#project412,649
#project413,765
#project414,648
#project415,825
#project416,597
#project417,62
#project418,534
#project419,713
#project420,800
#project421,440
#project422,64
#project423,444
#project424,115
#project425,789
#project426,886
#project427,498
#project428,698
#project429,248
#project430,209
#project431,238
#project432,318
#project433,936
#project434,434
#project435,505
#project436,685
#project437,261
#project438,655
#project439,162
#project440,521
#project441,997
#project442,534
#project443,866
#project444,747
#project445,225
#project446,827
#project447,96
#project448,405
#project449,147
#project450,593
#project451,366
#project452,580
#project453,383
#project454,835
#project455,365
#project456,932
#project457,673
#project458,969
#project459,442
#project460,936
#project461,547
#project462,443
#project463,487
#project464,670
#project465,182
#project466,885
#project467,80
#project468,562
#project469,436
#project470,450
#project471,376
#project472,26
#project473,543
#project474,22
#project475,754
#project476,151
#project477,845
#project478,41
#project479,791
#project480,881
#project481,247
#project482,802
#project483,909
#project484,655
#project485,953
#project486,797
#project487,650
#project488,389
#project489,474
#project490,284
#project491,395
#project492,501
#project493,812
#project494,109
#project495,531
#project496,922
#project497,973
#project498,532
#project499,502
#project500,375
#project501,661
#project502,174
#project503,507
#project504,838
#project505,373
#project506,248
#project507,469
#project508,911
#project509,28
#project510,87
#project511,719
#project512,719
#project513,322
#project514,393
#project515,675
#project516,266
#project517,859
#project518,680
#project519,205
#project520,668
#project521,615
#project522,921
#project523,62
#project524,989
#project525,510
#project526,841
#project527,361
#project528,29
#project529,405
#project530,430
#project531,506
#project532,437
#project533,962
#project534,615
#project535,27
#project536,752
#project537,721
#project538,580
#project539,941
#project540,496
#project541,11
#project542,227
#project543,668
#project544,137
#project545,531
#project546,809
#project547,503
#project548,932
#project549,377
#project550,884
#project551,848
#project552,81
#project553,352
#project554,519
#project555,920
#project556,671
#project557,181
#project558,938
#project559,617
#project560,920
#project561,254
#project562,466
#project563,613
#project564,740
#project565,717
#project566,212
#project567,186
#project568,47
#project569,632
#project570,430
#project571,359
#project572,867
#project573,521
#project574,90
#project575,312
#project576,358
#project577,863
#project578,501
#project579,178
#project580,546
#project581,73
#project582,906
#project583,446
#project584,336
#project585,215
#project586,909
#project587,156
#project588,629
#project589,253
#project590,552
#project591,953
#project592,865
#project593,173
#project594,717
#project595,649
#project596,134
#project597,32
#project598,482
#project599,211
#project600,371
#project601,403
#project602,441
#project603,637
#project604,188
#project605,706
#project606,818
#project607,68
#project608,123
#project609,150
#project610,37
#project611,900
#project612,68
#project613,238
#project614,726
#project615,771
#project616,295
#project617,731
#project618,493
#project619,442
#project620,121
#project621,531
#project622,760
#project623,108
#project624,471
#project625,936
#project626,550
#project627,562
#project628,914
#project629,22
#project630,559
#project631,252
#project632,545
#project633,619
#project634,497
#project635,759
#project636,416
#project637,12
#project638,978
#project639,371
#project640,533
#project641,724
#project642,129
#project643,893
#project644,924
#project645,731
#project646,190
#project647,892
#project648,388
#project649,103
#project650,151
#project651,184
#project652,404
#project653,492
#project654,882
#project655,563
#project656,727
#project657,599
#project658,699
#project659,232
#project660,920
#project661,757
#project662,597
#project663,925
#project664,137
#project665,936
#project666,609
#project667,781
#project668,975
#project669,959
#project670,842
#project671,162
#project672,579
#project673,525
#project674,622
#project675,339
#project676,558
#project677,687
#project678,785
#project679,207
#project680,676
#project681,124
#project682,212
#project683,249
#project684,974
#project685,890
#project686,316
#project687,491
#project688,107
#project689,133
#project690,557
#project691,820
#project692,363
#project693,117
#project694,409
#project695,761
#project696,811
#project697,893
#project698,83
#project699,681
#project700,92
#project701,168
#project702,142
#project703,83
#project704,471
#project705,46
#project706,136
#project707,795
#project708,661
#project709,822
#project710,622
#project711,864
#project712,632
#project713,590
#project714,658
#project715,848
#project716,442
#project717,948
#project718,841
#project719,808
#project720,280
#project721,753
#project722,589
#project723,773
#project724,714
#project725,386
#project726,982
#project727,77
#project728,91
#project729,393
#project730,469
#project731,193
#project732,931
#project733,266
#project734,93
#project735,434
#project736,903
#project737,102
#project738,810
#project739,363
#project740,105
#project741,349
#project742,539
#project743,687
#project744,142
#project745,613
#project746,579
#project747,187
#project748,241
#project749,774
#project750,184
#project751,597
#project752,986
#project753,686
#project754,217
#project755,82
#project756,47
#project757,572
#project758,223
#project759,920
#project760,367
#project761,237
#project762,946
#project763,189
#project764,355
#project765,867
#project766,622
#project767,956
#project768,988
#project769,551
#project770,264
#project771,75
#project772,705
#project773,731
#project774,845
#project775,365
#project776,377
#project777,741
#project778,256
#project779,824
#project780,742
#project781,951
#project782,456
#project783,369
#project784,584
#project785,899
#project786,999
#project787,928
#project788,803
#project789,395
#project790,613
#project791,834
#project792,419
#project793,296
#project794,105
#project795,442
#project796,613
#project797,777
#project798,539
#project799,588
#project800,973
#project801,718
#project802,617
#project803,575
#project804,707
#project805,277
#project806,281
#project807,33
#project808,619
#project809,227
#project810,100
#project811,969
#project812,709
#project813,980
#project814,601
#project815,753
#project816,461
#project817,782
#project818,912
#project819,952
#project820,420
#project821,212
#project822,432
#project823,509
#project824,832
#project825,171
#project826,930
#project827,385
#project828,584
#project829,428
#project830,199
#project831,655
#project832,354
#project833,544
#project834,712
#project835,453
#project836,29
#project837,94
#project838,892
#project839,182
#project840,234
#project841,987
#project842,502
#project843,652
#project844,554
#project845,374
#project846,515
#project847,787
#project848,389
#project849,564
#project850,690
#project851,785
#project852,303
#project853,83
#project854,712
#project855,594
#project856,421
#project857,405
#project858,861
#project859,129
#project860,909
#project861,225
#project862,495
#project863,180
#project864,241
#project865,681
#project866,951
#project867,853
#project868,760
#project869,109
#project870,519
#project871,874
#project872,683
#project873,502
#project874,318
#project875,93
#project876,896
#project877,794
#project878,640
#project879,537
#project880,735
#project881,330
#project882,255
#project883,945
#project884,721
#project885,106
#project886,254
#project887,206
#project888,593
#project889,66
#project890,754
#project891,570
#project892,229
#project893,946
#project894,556
#project895,600
#project896,17
#project897,86
#project898,790
#project899,741
#project900,45
#project901,646
#project902,29
#project903,580
#project904,595
#project905,213
#project906,416
#project907,314
#project908,246
#project909,349
#project910,158
#project911,12
#project912,811
#project913,697
#project914,33
#project915,245
#project916,755
#project917,662
#project918,494
#project919,157
#project920,256
#project921,11
#project922,845
#project923,920
#project924,778
#project925,283
#project926,437
#project927,108
#project928,923
#project929,806
#project930,243
#project931,729
#project932,312
#project933,702
#project934,78
#project935,998
#project936,66
#project937,982
#project938,765
#project939,843
#project940,944
#project941,731
#project942,139
#project943,996
#project944,418
#project945,915
#project946,829
#project947,620
#project948,202
#project949,246
#project950,438
#project951,154
#project952,838
#project953,495
#project954,871
#project955,829
#project956,691
#project957,200
#project958,31
#project959,716
#project960,634
#project961,691
#project962,619
#project963,819
#project964,212
#project965,536
#project966,404
#project967,228
#project968,215
#project969,25
#project970,242
#project971,721
#project972,33
#project973,750
#project974,924
#project975,485
#project976,427
#project977,295
#project978,244
#project979,868
#project980,791
#project981,573
#project982,588
#project983,295
#project984,576
#project985,721
#project986,274
#project987,547
#project988,700
#project989,65
#project990,923
#project991,57
#project992,561
#project993,78
#project994,369
#project995,771
#project996,455
#project997,346
#project998,693
#project999,523
#project1000,975
